1;;;;;;;;;;;;
;0;Зонт_женский_Fabretti L_15112_6;;;;;;;;;;LS7893
;0;Палантин;;;;;;;;;;GR01-00010926
;0;8102 FD патент черный  (сумка женская);;;;;;;;;;58328
;0;Сумка вечерняя, клатч;;;;;;;;;;GR01-00002099
;0;Сумка из натуральной кожи;;;;;;;;;;GR00119221
;0;Визитница;;;;;;;;;;GR01-00003354
;0;Палантин;;;;;;;;;;GR00122029
;0;Шарф;;;;;;;;;;GR00120919
;0;Сумка на руку;;;;;;;;;;GR01-00001668
;0;Шарф;;;;;;;;;;GR00120918
;0;Шарф;;;;;;;;;;GR01-00001891
;0;Кошелёк;;;;;;;;;;GR01-00004222
;0;Палантин;;;;;;;;;;GR00122155
;0;Платок;;;;;;;;;;GR00122107
;0;Шарф;;;;;;;;;;GR00121015
;0;Палантин;;;;;;;;;;GR00121900
;0;Платок;;;;;;;;;;GR00123026
;0;п3196 FD кожа черный  (косметичка);;;;;;;;;;п3196
;0;Палантин;;;;;;;;;;GR01-00004430
;0;Палантин;;;;;;;;;;GR01-00004428
;0;Палантин;;;;;;;;;;GR01-00004426
;0;Палантин;;;;;;;;;;GR01-00004425
;0;Платок;;;;;;;;;;GR01-00004533
;0;Шарф;;;;;;;;;;GR00121065
;0;Платок;;;;;;;;;;GR00121228
;0;Платок;;;;;;;;;;GR01-00005049
;0;Платок;;;;;;;;;;GR01-00005035
;0;Палантин;;;;;;;;;;GR01-00005002
;0;Шарф;;;;;;;;;;GR01-00004735
;0;Шарф;;;;;;;;;;GR01-00005974
;0;Палантин;;;;;;;;;;GR01-00005585
;0;Палантин;;;;;;;;;;GR01-00005074
;0;Палантин;;;;;;;;;;GR01-00004902
;0;3731(043) Rip кожа боско  (сумка женская);;;;;;;;;;3731(043)
;0;Сумка деловая;;;;;;;;;;GR01-00005864
;0;Палантин;;;;;;;;;;GR01-00005138
;0;Палантин;;;;;;;;;;GR01-00005151
;0;Платок;;;;;;;;;;GR01-00005144
;0;п3192 FD кожа чер. /зол. (косметичка);;;;;;;;;;3192
;0;п28 FD кожа черный /синий (кошелек женский);;;;;;;;;;п28-d75973
;0;Кошелёк;;;;;;;;;;GR01-00006037
;0;Кошелёк;;;;;;;;;;GR01-00004283
;0;Визитница;;;;;;;;;;GR01-00005390
;0;Кошелёк;;;;;;;;;;GR01-00006191
;0;3059 FD кожа красн. /син./бел. (сумка жен.);;;;;;;;;;3059
;0;Сумка на руку;;;;;;;;;;GR01-00007854
;0;Визитница;;;;;;;;;;GR01-00008905
;0;Визитница;;;;;;;;;;GR01-00008933
;0;Кошелёк;;;;;;;;;;GR01-00004246
;0;Классика;;;;;;;;;;GR00111297
;0;Классика;;;;;;;;;;GR00111298
;0;Классика;;;;;;;;;;GR00113202
;0;Длинные женские перчатки;;;;;;;;;;GR00117152
;0;Длинные женские перчатки;;;;;;;;;;GR00116409
;0;Классика;;;;;;;;;;GR00116818
;0;Классика;;;;;;;;;;GR00116564
;0;Отделка мехом;;;;;;;;;;GR00121871
;0;Длинные женские перчатки;;;;;;;;;;GR01-00003726
;0;Длинные женские перчатки;;;;;;;;;;GR01-00003810
;0;3475 FD кожа белый /зеленый (сумка женская);;;;;;;;;;3475
;0;3395 FD колибри белый  (сумка женская);;;;;;;;;;3395
;0;3416S FD кожа бел./крокодил красн. (сумка жен.);;;;;;;;;;3416S-d81473
;0;Обложка;;;;;;;;;;GR01-00008943
;0;Обложка;;;;;;;;;;GR01-00008935
;0;Классика;;;;;;;;;;GR00116909
;0;108472_Black_Сумка_мужская_VIP Collection;;;;;;;;;;LS4613
;0;1442_18_P144_ORANG Чемодан на колесах;;;;;;;;;;LS5411
;0;Обложка;;;;;;;;;;GR01-00009030
;0;241_NAPPA_BLACK Mужской_портфель_VIP_COLLECTION;;;;;;;;;;LS3317
;0;КПБ 100-52;;;;;;;;;;TT100-52 Евро
;0;КПБ RS-134;;;;;;;;;;TTRS-134 Евро (2 наволочки)
;0;КПБ RS-136;;;;;;;;;;TTRS-136 Евро (2 наволочки)
;0;КПБ RS-138;;;;;;;;;;TTRS-138 Евро (2 наволочки)
;0;КПБ OD-02;;;;;;;;;;TTOD-02 Семейный
;0;КПБ OD-08;;;;;;;;;;TTOD-08 Евро
;0;КПБ OD-10;;;;;;;;;;TTOD-10 Евро
;0;КПБ OD-12;;;;;;;;;;TTOD-12 Евро
;0;КПБ OD-15;;;;;;;;;;TTOD-15 Евро
;0;КПБ OD-16;;;;;;;;;;TTOD-16 Евро
;0;КПБ RS-91;;;;;;;;;;TTRS-91 2 спальный (4 наволочки)
;0;КПБ RS-91;;;;;;;;;;TTRS-91 Евро (2 наволочки)
;0;КПБ D-157;;;;;;;;;;TTD-157 2 спальный
;0;КПБ D-157;;;;;;;;;;TTD-157 Евро
;0;КПБ SDS-50;;;;;;;;;;TTSDS-50 2 спальный
;0;КПБ OMP-09;;;;;;;;;;TTOMP-09 Евро
;0;КПБ OMP-11;;;;;;;;;;TTOMP-11 2 спальный
;0;Sense Krem (кремовый) Полотенце банное;;;;;;;;;;TTSense Krem 70x130
;0;Antik Beyaz (белый) Полотенце банное;;;;;;;;;;TTAntik Beyaz 70x130
;0;КПБ 220-87;;;;;;;;;;TT220-87 Евро
;0;КПБ 220-97;;;;;;;;;;TT220-97 2 спальный
;0;КПБ 220-97;;;;;;;;;;TT220-97 Евро
;0;Покрывало 220-91;;;;;;;;;;TTP220-91 Евро (230х250) 2 наволочки (50х70)
;0;КПБ 110-64;;;;;;;;;;TT110-64 2 спальный
;0;КПБ A-154_2;;;;;;;;;;TTA-154_2 1.5 спальный
;0;Простынь сатин фуксия (PRC-10);;;;;;;;;;TTPRC-10 220x240
;0;КПБ RS-145;;;;;;;;;;TTRS-145 Евро (2 наволочки)
;0;КПБ RS-149;;;;;;;;;;TTRS-149 Евро (2 наволочки)
;0;КПБ TJ-16;;;;;;;;;;TTTJ-16 2 спальный
;0;КПБ TJ-17;;;;;;;;;;TTTJ-17 Евро
;0;КПБ A-158;;;;;;;;;;TTA-158 Евро
;0;КПБ 100-55;;;;;;;;;;TT100-55 Евро
;0;КПБ 110-68;;;;;;;;;;TT110-68 Семейный
;0;КПБ Хлопок сатин с вышивкой ES-14;;;;;;;;;;TTES-14 1.5 спальный
;0;КПБ RS-125;;;;;;;;;;TTRS-125 Евро (4 наволочки)
;0;КПБ RS-126;;;;;;;;;;TTRS-126 2 спальный (4 наволочки)
;0;КПБ RS-130;;;;;;;;;;TTRS-130 Евро (2 наволочки)
;0;КПБ TJ-11;;;;;;;;;;TTTJ-11 Евро
;0;КПБ TJ-12;;;;;;;;;;TTTJ-12 2 спальный
;0;КПБ RS-36;;;;;;;;;;TTRS-36 Евро (2 наволочки)
;0;КПБ RS-41;;;;;;;;;;TTRS-41 Евро (2 наволочки)
;0;КПБ RS-44;;;;;;;;;;TTRS-44 Евро (2 наволочки)
;0;КПБ RS-60;;;;;;;;;;TTRS-60 2 спальный (4 наволочки)
;0;КПБ RS-63;;;;;;;;;;TTRS-63 2 спальный (4 наволочки)
;0;КПБ A-124;;;;;;;;;;TTA-124 2 спальный
;0;КПБ A-139;;;;;;;;;;TTA-139 1.5 спальный
;0;КПБ A-127;;;;;;;;;;TTA-127 1.5 спальный
;0;КПБ B-110;;;;;;;;;;TTB-110 2 спальный
;0;КПБ B-110;;;;;;;;;;TTB-110 Евро
;0;КПБ SDS-32;;;;;;;;;;TTSDS-32 Семейный
;0;КПБ Хлопок сатин с вышивкой ES-02;;;;;;;;;;TTES-02 1.5 спальный
;0;КПБ Хлопок сатин с вышивкой ES-03;;;;;;;;;;TTES-03 1.5 спальный
;0;КПБ MF-15;;;;;;;;;;TTMF-15 Евро
;0;КПБ PC-08 (поликоттон);;;;;;;;;;TTPC-08 2 спальный
;0;КПБ PC-10 (поликоттон);;;;;;;;;;TTPC-10 2 спальный
;0;КПБ PC-13 (поликоттон);;;;;;;;;;TTPC-13 2 спальный
;0;КПБ PC-15 (поликоттон);;;;;;;;;;TTPC-15 Семейный
;0;КПБ A-130;;;;;;;;;;TTA-130 2 спальный
;0;КПБ A-131;;;;;;;;;;TTA-131 2 спальный
;0;КПБ RS-109;;;;;;;;;;TTRS-109 Евро (2 наволочки)
;0;КПБ RS-110;;;;;;;;;;TTRS-110 Евро (2 наволочки)
;0;КПБ RS-114;;;;;;;;;;TTRS-114 2 спальный (4 наволочки)
;0;Скатерть SK 07;;;;;;;;;;TTSK 07 160х300
;0;КПБ ОМР-05;;;;;;;;;;TTOMP-05 2 спальный
;0;КПБ A-140;;;;;;;;;;TTA-140 Евро
;0;КПБ П-38;;;;;;;;;;TTП-38 1.5 спальный
;0;КПБ П-38;;;;;;;;;;TTП-38 Евро
;0;Скатерть SK 05;;;;;;;;;;TTSK 05 200х220
;0;КПБ AB-SG 02;;;;;;;;;;TTAB-SG 02 2 спальный
;0;КПБ AB-SG 08;;;;;;;;;;TTAB-SG 08 2 спальный
;0;КПБ OD-24;;;;;;;;;;TTOD-24 Евро
;0;КПБ OD-25;;;;;;;;;;TTOD-25 Евро
;0;КПБ A-161;;;;;;;;;;TTA-161 Евро
;0;КПБ AB-SG 09;;;;;;;;;;TTAB-SG 09 2 спальный
;0;КПБ D-143;;;;;;;;;;TTD-143 Евро
;0;КПБ П-40;;;;;;;;;;TTП-40 Евро
;0;КПБ MF-18;;;;;;;;;;TTMF-18 Евро
;0;КПБ RS-75;;;;;;;;;;TTRS-75 Евро (4 наволочки)
;0;КПБ RS-76;;;;;;;;;;TTRS-76 2 спальный (4 наволочки)
;0;КПБ RS-80;;;;;;;;;;TTRS-80 Евро (2 наволочки)
;0;КПБ RS-81;;;;;;;;;;TTRS-81 2 спальный (4 наволочки)
;0;КПБ RS-116;;;;;;;;;;TTRS-116 Евро (2 наволочки)
;0;КПБ RS-119;;;;;;;;;;TTRS-119 Евро (2 наволочки)
;0;КПБ RS-118;;;;;;;;;;TTRS-118 Евро (2 наволочки)
;0;КПБ 110-60;;;;;;;;;;TT110-60 Евро
;0;КПБ П-9;;;;;;;;;;TTП-9 1.5 спальный
;0;КПБ П-9;;;;;;;;;;TTП-9 Евро
;0;КПБ П-14;;;;;;;;;;TTП-14 2 спальный
;0;КПБ П-19;;;;;;;;;;TTП-19 Семейный
;0;КПБ П-33;;;;;;;;;;TTП-33 Семейный
;0;КПБ С-116;;;;;;;;;;TTC-116 Семейный
;0;КПБ C-22;;;;;;;;;;TTC-22 Семейный
;0;КПБ 110-32;;;;;;;;;;TT110-32 Евро
;0;КПБ 220-46;;;;;;;;;;TT220-46 Евро
;0;КПБ A-107;;;;;;;;;;TTA-107 Евро
;0;КПБ A-120;;;;;;;;;;TTA-120 1.5 спальный
;0;КПБ A-120;;;;;;;;;;TTA-120 2 спальный
;0;КПБ A-88;;;;;;;;;;TTA-88 2 спальный
;0;КПБ A-22;;;;;;;;;;TTA-22 1.5 спальный
;0;КПБ A-28;;;;;;;;;;TTA-28 Евро
;0;КПБ A-31;;;;;;;;;;TTA-31 Семейный
;0;КПБ A-31;;;;;;;;;;TTA-31 Евро
;0;КПБ A-32;;;;;;;;;;TTA-32 Семейный
;0;КПБ A-56;;;;;;;;;;TTA-56 Семейный
;0;КПБ A-84;;;;;;;;;;TTA-84 2 спальный
;0;КПБ A-68;;;;;;;;;;TTA-68 2 спальный
;0;КПБ A-75;;;;;;;;;;TTA-75 2 спальный
;0;КПБ B-59-1;;;;;;;;;;TTB-59-1 Семейный
;0;КПБ B-95;;;;;;;;;;TTB-95 2 спальный
;0;КПБ B-88;;;;;;;;;;TTB-88 1.5 спальный
;0;КПБ B-87;;;;;;;;;;TTB-87 1.5 спальный
;0;КПБ B-87;;;;;;;;;;TTB-87 2 спальный
;0;КПБ B-122;;;;;;;;;;TTB-122 Евро
;0;КПБ B-10;;;;;;;;;;TTB-10 Евро
;0;КПБ B-25;;;;;;;;;;TTB-25 Евро
;0;КПБ B-31;;;;;;;;;;TTB-31 2 спальный
;0;КПБ B-45;;;;;;;;;;TTB-45 Семейный
;0;КПБ B-48;;;;;;;;;;TTB-48 Евро
;0;КПБ D-26;;;;;;;;;;TTD-26 Евро
;0;КПБ D-34;;;;;;;;;;TTD-34 Семейный
;0;КПБ OB-01;;;;;;;;;;TTOB-01 Семейный
;0;КПБ OB-02;;;;;;;;;;TTOB-02 2 спальный
;0;Палантин;;;;;;;;;;GR01-00011362
;0;КПБ OD-03;;;;;;;;;;TTOD-03 2 спальный
;0;КПБ OD-18;;;;;;;;;;TTOD-18 2 спальный
;0;КПБ TJ-06;;;;;;;;;;TTTJ-06 Евро
;0;КПБ PC-11 (поликоттон);;;;;;;;;;TTPC-11 Евро
;0;КПБ B-125;;;;;;;;;;TTB-125 Евро
;0;КПБ 220-47;;;;;;;;;;TT220-47 Евро
;0;КПБ B-120;;;;;;;;;;TTB-120 1.5 спальный
;0;КПБ B-66;;;;;;;;;;TTB-66 2 спальный
;0;КПБ MF-28;;;;;;;;;;TTMF-28 2 спальный
;0;КПБ MF-33;;;;;;;;;;TTMF-33 2 спальный
;0;КПБ MF-37;;;;;;;;;;TTMF-37 Семейный
;0;Плед INCALPACA (55% шерсть альпака, 45% шерсть мериноса) PP-2;;;;;;;;;;TTPP-2 150x200
;0;КПБ SDS-60;;;;;;;;;;TTSDS-60 Семейный
;0;Палантин;;;;;;;;;;GR01-00012251
;0;Палантин;;;;;;;;;;GR01-00012206
;0;3218 FD кожа /лак черный (сумка женская);;;;;;;;;;3218
;0;3584 FD кожа /замша черный (сумка женская);;;;;;;;;;3584-d88790
;0;п3669 FD кожа чер. /красн. (косметичка);;;;;;;;;;п3669-d88809
;0;3218 FD кожа /лак т.коричневый (сумка женская);;;;;;;;;;3218-d88857
;0;3467 FD крокодил коричневый  (сумка женская);;;;;;;;;;3467-d88864
;0;3583 FD кожа /замша черный (сумка женская);;;;;;;;;;3583-d88867
;0;3630 FD кожа /замша т.коричневый (сумка женская);;;;;;;;;;3630-d88875
;0;3630 FD кожа /замша черный (сумка женская);;;;;;;;;;3630-d88876
;0;3633 FD кожа коричневый /т.коричневый (сумка женская);;;;;;;;;;3633-d88882
;0;3711 FD кожа коричневый/струззо зеленый (сумка женская);;;;;;;;;;3711-d88894
;0;Палантин;;;;;;;;;;GR01-00011415
;0;Платок;;;;;;;;;;GR01-00012302
;0;КПБ B-65;;;;;;;;;;TTB-65 Евро
;0;КПБ B-117;;;;;;;;;;TTB-117 Семейный
;0;Платок;;;;;;;;;;GR01-00011856
;0;Шарф;;;;;;;;;;GR01-00012160
;0;Шарф;;;;;;;;;;GR01-00012171
;0;КПБ 110-65;;;;;;;;;;TT110-65 Евро
;0;КПБ 110-65;;;;;;;;;;TT110-65 Семейный
;0;КПБ 110-66;;;;;;;;;;TT110-66 Семейный
;0;Ключница;;;;;;;;;;GR01-00009065
;0;КПБ 110-69;;;;;;;;;;TT110-69 2 спальный
;0;Платок;;;;;;;;;;GR01-00011811
;0;Платок;;;;;;;;;;GR01-00011830
;0;КПБ B-39;;;;;;;;;;TTB-39 2 спальный
;0;КПБ С-159;;;;;;;;;;TTC-159 Семейный
;0;КПБ С-159;;;;;;;;;;TTC-159 2 спальный
;0;Классика;;;;;;;;;;GR01-00009461
;0;Классика;;;;;;;;;;GR01-00012554
;0;Платок;;;;;;;;;;GR01-00012135
;0;Палантин;;;;;;;;;;GR01-00012446
;0;КПБ OD-20;;;;;;;;;;TTOD-20 Евро
;0;3676 FD замша черный /золото (клатч женский);;;;;;;;;;3676
;0;3654 FD кожа /питон черный (клатч женский);;;;;;;;;;3654
;0;3171 FD замша /кожа черный (клатч женский);;;;;;;;;;3171
;0;Платок;;;;;;;;;;GR01-00012339
;0;3072 FD кожа /замша черный (клатч женский);;;;;;;;;;3072-d91799
;0;Fashion;;;;;;;;;;GR01-00003850
;0;TOUCH;;;;;;;;;;GR01-00003859
;0;Зонт-трость;;;;;;;;;;GR01-00011926
;0;КПБ MO-02;;;;;;;;;;TTMO-02 2 спальный
;0;КПБ MO-03;;;;;;;;;;TTMO-03 2 спальный
;0;КПБ MO-03;;;;;;;;;;TTMO-03 Евро
;0;КПБ MO-03;;;;;;;;;;TTMO-03 Семейный
;0;КПБ MO-04;;;;;;;;;;TTMO-04 2 спальный
;0;КПБ MO-04;;;;;;;;;;TTMO-04 Евро
;0;КПБ MO-04;;;;;;;;;;TTMO-04 Семейный
;0;КПБ MO-06;;;;;;;;;;TTMO-06 1.5 спальный
;0;КПБ MO-06;;;;;;;;;;TTMO-06 2 спальный
;0;КПБ MO-06;;;;;;;;;;TTMO-06 Евро
;0;КПБ MO-06;;;;;;;;;;TTMO-06 Семейный
;0;КПБ MO-10;;;;;;;;;;TTMO-10 Евро
;0;КПБ MO-10;;;;;;;;;;TTMO-10 Семейный
;0;КПБ MO-12;;;;;;;;;;TTMO-12 Евро
;0;КПБ MO-12;;;;;;;;;;TTMO-12 Семейный
;0;КПБ MO-13;;;;;;;;;;TTMO-13 2 спальный
;0;КПБ 100-61;;;;;;;;;;TT100-61 2 спальный
;0;КПБ С-150;;;;;;;;;;TTC-150 Семейный
;0;Зонт-автомат;;;;;;;;;;GR01-00011907
;0;КПБ MF-39;;;;;;;;;;TTMF-39 Евро
;0;КПБ MF-41;;;;;;;;;;TTMF-41 Евро
;0;КПБ MF-42;;;;;;;;;;TTMF-42 Евро
;0;КПБ MF-44;;;;;;;;;;TTMF-44 Семейный
;0;КПБ MF-45;;;;;;;;;;TTMF-45 Евро
;0;Сумка на плечо;;;;;;;;;;GR01-00011592
;0;3663 FD кожа  черный/абете (сумка женская);;;;;;;;;;3663
;0;3703 FD кожа /замша фиори коричневый (рюкзак женский);;;;;;;;;;3703
;0;3704 FD кожа /замша фиори коричневый (сумка женская);;;;;;;;;;3704
;0;3667 FD кожа /замша черный (сумка женская);;;;;;;;;;3667-d93139
;0;п309 FD кожа белый /мульти (кошелек женский);;;;;;;;;;п309-d93157
;0;п309 FD кожа синий /лайм (кошелек женский);;;;;;;;;;п309-d93158
;0;п309 FD кожа синий /фрагола (кошелек женский);;;;;;;;;;п309-d93159
;0;3866 FD кожа бежевый /черный/латте (сумка женская);;;;;;;;;;3866
;0;3464 FD кожа латте/крокодил  (сумка женская);;;;;;;;;;3464-d93205
;0;5037 FD кожа черный  (сумка женская);;;;;;;;;;5037-d93245
;0;5047 FD кожа бежевый  (сумка женская);;;;;;;;;;5047-d93248
;0;5028 FD крокус виола  (сумка женская);;;;;;;;;;5028
;0;КПБ JC-01;;;;;;;;;;TTJC-01 Евро
;0;КПБ JC-03;;;;;;;;;;TTJC-03 Семейный
;0;КПБ JC-03;;;;;;;;;;TTJC-03 2 спальный
;0;КПБ JC-03;;;;;;;;;;TTJC-03 Евро
;0;КПБ JC-06;;;;;;;;;;TTJC-06 1.5 спальный
;0;КПБ JC-07;;;;;;;;;;TTJC-07 Евро
;0;КПБ JC-08;;;;;;;;;;TTJC-08 2 спальный
;0;КПБ JC-08;;;;;;;;;;TTJC-08 Евро
;0;КПБ JC-09;;;;;;;;;;TTJC-09 Семейный
;0;КПБ JC-10;;;;;;;;;;TTJC-10 2 спальный
;0;КПБ JC-12;;;;;;;;;;TTJC-12 2 спальный
;0;КПБ JC-12;;;;;;;;;;TTJC-12 Евро
;0;КПБ JC-14;;;;;;;;;;TTJC-14 Семейный
;0;п136 Fiato  кожа черный  (портмоне мужской);;;;;;;;;;п136
;0;п138 Fiato  кожа коричневый  (визитница);;;;;;;;;;п138-d93342
;0;п139 Fiato  кожа коричневый  (обложка для паспорта);;;;;;;;;;п139-d93344
;0;Визитница;;;;;;;;;;GR01-00012653
;0;3415 FD кожа т.коричневый  (сумка женская);;;;;;;;;;3415-d93434
;0;п57 FD кожа красный  (обложка для документов);;;;;;;;;;п57-d93470
;0;3784 FD алче черный /кэмел (сумка женская);;;;;;;;;;3784
;0;3701 FD кожа /замша черный (сумка женская);;;;;;;;;;3701-d93487
;0;КПБ OD-31;;;;;;;;;;TTOD-31 1.5 спальный
;0;КПБ OD-31;;;;;;;;;;TTOD-31 Семейный
;0;Скатерть SK 13;;;;;;;;;;TTSK 13 160х300
;0;КПБ MF-41;;;;;;;;;;TTMF-41 2 спальный
;0;КПБ MF-42;;;;;;;;;;TTMF-42 2 спальный
;0;5310 FD кожа т.коричневый/фиори  (сумка женская);;;;;;;;;;5310
;0;Сумка на руку;;;;;;;;;;GR01-00011688
;0;TOUCH;;;;;;;;;;GR01-00012888
;0;Палантин;;;;;;;;;;GR01-00010933
;0;Палантин;;;;;;;;;;GR01-00010950
;0;Палантин;;;;;;;;;;GR01-00010914
;0;Палантин;;;;;;;;;;GR01-00010931
;0;Палантин;;;;;;;;;;GR01-00010918
;0;Палантин;;;;;;;;;;GR01-00010928
;0;Fashion;;;;;;;;;;GR01-00009376
;0;Женский_кошелек LEO_VENTONI_330807_ORANGE_NERO;;;;;;;;;;LS7064
;0;КПБ B-144;;;;;;;;;;TTB-144 Евро
;0;КПБ B-135;;;;;;;;;;TTB-135 Евро
;0;Сумка вечерняя, клатч;;;;;;;;;;GR01-00011736
;0;Сумка вечерняя, клатч;;;;;;;;;;GR01-00011749
;0;з243 Mоschino  чер.  (зонт жен., автомат);;;;;;;;;;з243
;0;13666_AW1_726_018 Женская_сумка_Palio;;;;;;;;;;LS7187
;0;Простынь сатин на резинке шоколадная (PRC-R-04);;;;;;;;;;TTPRC-R-04 200x220
;0;Палантин;;;;;;;;;;GR01-00010815
;0;Палантин;;;;;;;;;;GR01-00010814
;0;Палантин;;;;;;;;;;GR01-00012053
;0;Палантин;;;;;;;;;;GR01-00012062
;0;КПБ MO-14;;;;;;;;;;TTMO-14 2 спальный
;0;КПБ MO-14;;;;;;;;;;TTMO-14 Семейный
;0;КПБ MO-15;;;;;;;;;;TTMO-15 2 спальный
;0;КПБ MO-15;;;;;;;;;;TTMO-15 Семейный
;0;КПБ MO-18;;;;;;;;;;TTMO-18 2 спальный
;0;КПБ MO-18;;;;;;;;;;TTMO-18 Семейный
;0;3842s FD кожа латте /т.коричневый (сумка женская);;;;;;;;;;3842s-d95669
;0;3853 FD кожа синий  (сумка женская);;;;;;;;;;3853-d95726
;0;3854 FD кожа синий  (рюкзак женский);;;;;;;;;;3854-d95729
;0;3866 FD кожа песка /коричневый/латте (сумка женская);;;;;;;;;;3866-d95731
;0;3923 FD кожа бежевый/питон желтый (сумка женская);;;;;;;;;;3923-d95736
;0;3923 FD кожа бежевый/питон ментол (сумка женская);;;;;;;;;;3923-d95737
;0;3927 FD фиори /кожа розовый (сумка женская);;;;;;;;;;3927-d95746
;0;3930 FD фиори /кожа желтый (сумка женская);;;;;;;;;;3930-d95753
;0;5011 FD кожа фрагола  (сумка женская);;;;;;;;;;5011-d95773
;0;5013 FD фарфала белый/кожа бежевый (сумка женская);;;;;;;;;;5013-d95781
;0;5016 FD фарфала черный/кожа белый (сумка женская);;;;;;;;;;5016
;0;5021 FD фарфала белый/кожа красный (сумка женская);;;;;;;;;;5021-d95788
;0;КПБ B-143;;;;;;;;;;TTB-143 2 спальный
;0;КПБ B-143;;;;;;;;;;TTB-143 Евро
;0;КПБ B-15;;;;;;;;;;TTB-15 1.5 спальный
;0;КПБ 110-59;;;;;;;;;;TT110-59 Семейный
;0;КПБ MF-40;;;;;;;;;;TTMF-40 1.5 спальный
;0;КПБ MF-47;;;;;;;;;;TTMF-47 1.5 спальный
;0;КПБ MF-47;;;;;;;;;;TTMF-47 2 спальный
;0;КПБ OD-35;;;;;;;;;;TTOD-35 Евро
;0;Обложка;;;;;;;;;;GR01-00013129
;0;Ключница;;;;;;;;;;GR01-00013054
;0;Ключница;;;;;;;;;;GR01-00013056
;0;Обложка;;;;;;;;;;GR01-00013041
;0;КПБ MO-19;;;;;;;;;;TTMO-19 2 спальный
;0;КПБ MO-19;;;;;;;;;;TTMO-19 Семейный
;0;КПБ MO-20;;;;;;;;;;TTMO-20 Евро
;0;КПБ MO-20;;;;;;;;;;TTMO-20 Семейный
;0;КПБ MO-21;;;;;;;;;;TTMO-21 2 спальный
;0;Шейный платочек;;;;;;;;;;GR01-00008760
;0;Шейный платочек;;;;;;;;;;GR01-00008758
;0;Шарф;;;;;;;;;;GR01-00012143
;0;Шейный платочек;;;;;;;;;;GR01-00008757
;0;Шарф;;;;;;;;;;GR01-00010759
;0;Ключница;;;;;;;;;;GR01-00011180
;0;Шарф;;;;;;;;;;GR01-00012173
;0;Длинные женские перчатки;;;;;;;;;;GR01-00005184
;0;КПБ MF-17;;;;;;;;;;TTMF-17 2 спальный
;0;КПБ B-146;;;;;;;;;;TTB-146 Семейный
;0;3854 FD кожа черный  (рюкзак женский);;;;;;;;;;3854-d96858
;0;3930 FD фиори /кожа белый (сумка женская);;;;;;;;;;3930-d96911
;0;п3864 FD кожа коричневый  (косметичка);;;;;;;;;;п3864-d96930
;0;п3864 FD скат белый  (косметичка);;;;;;;;;;п3864-d96948
;0;Сумка на руку;;;;;;;;;;GR01-00013883
;0;Сумка на плечо;;;;;;;;;;GR01-00013852
;0;КПБ B-141;;;;;;;;;;TTB-141 Семейный
;0;Классика;;;;;;;;;;GR01-00014200
;0;Классика;;;;;;;;;;GR01-00014198
;0;Бижутерия для платков;;;;;;;;;;GR01-00014170
;0;Бижутерия для платков;;;;;;;;;;GR01-00014145
;0;Бижутерия для платков;;;;;;;;;;GR01-00014144
;0;Кошелёк;;;;;;;;;;GR01-00014351
;0;Шейный платочек;;;;;;;;;;GR01-00013458
;0;Кошелек;;;;;;;;;;TB2387
;0;Кошелек;;;;;;;;;;TB2385
;0;Сумка через плечо;;;;;;;;;;TB2373
;0;Сумка через плечо;;;;;;;;;;TB2364
;0;Сумка;;;;;;;;;;TB2361
;0;Кошелек;;;;;;;;;;TB2356
;0;Кошелек;;;;;;;;;;TB2355
;0;Кошелек;;;;;;;;;;TB2353
;0;Кошелек;;;;;;;;;;TB2349
;0;Сумка через плечо;;;;;;;;;;TB2340
;0;Сумка через плечо;;;;;;;;;;TB2339
;0;Сумка через плечо;;;;;;;;;;TB2326
;0;Кошелек;;;;;;;;;;TB2311
;0;Сумка;;;;;;;;;;TB2308
;0;Клатчи;;;;;;;;;;TB2299
;0;Сумка через плечо;;;;;;;;;;TB2298
;0;Сумка;;;;;;;;;;TB2295
;0;Кошелек;;;;;;;;;;TB2291
;0;Клатчи;;;;;;;;;;TB2290
;0;Кошелек;;;;;;;;;;TB2282
;0;Кошелек;;;;;;;;;;TB2280
;0;Сумка;;;;;;;;;;TB2272
;0;Сумка через плечо;;;;;;;;;;TB2269
;0;Сумка;;;;;;;;;;TB2258
;0;Сумка;;;;;;;;;;TB2254
;0;Клатчи;;;;;;;;;;TB2250
;0;Клатчи;;;;;;;;;;TB2248
;0;Сумка через плечо;;;;;;;;;;TB2230
;0;Сумка через плечо;;;;;;;;;;TB2229
;0;Сумка;;;;;;;;;;TB2223
;0;Сумка;;;;;;;;;;TB2222
;0;Сумка;;;;;;;;;;TB2220
;0;Сумка;;;;;;;;;;TB2219
;0;Сумка;;;;;;;;;;TB2218
;0;Сумка;;;;;;;;;;TB2216
;0;Сумка через плечо;;;;;;;;;;TB2213
;0;Сумка через плечо;;;;;;;;;;TB2198
;0;Сумка;;;;;;;;;;TB2191
;0;Клатчи;;;;;;;;;;TB2172
;0;Клатчи;;;;;;;;;;TB2168
;0;Сумка;;;;;;;;;;TB2141
;0;Клатчи;;;;;;;;;;TB2137
;0;Сумка;;;;;;;;;;TB2130
;0;Сумка через плечо;;;;;;;;;;TB2123
;0;Сумка;;;;;;;;;;TB2116
;0;Клатчи;;;;;;;;;;TB2109
;0;Сумка через плечо;;;;;;;;;;TB2105
;0;Сумка;;;;;;;;;;TB2102
;0;Сумка;;;;;;;;;;TB2100
;0;Сумка;;;;;;;;;;TB2097
;0;Сумка;;;;;;;;;;TB2094
;0;Сумка;;;;;;;;;;TB2093
;0;Клатчи;;;;;;;;;;TB2086
;0;Сумка;;;;;;;;;;TB2082
;0;Сумка;;;;;;;;;;TB2081
;0;Сумка через плечо;;;;;;;;;;TB2075
;0;Сумка;;;;;;;;;;TB2074
;0;Сумка;;;;;;;;;;TB2073
;0;Сумка;;;;;;;;;;TB2050
;0;Сумка через плечо;;;;;;;;;;TB2030
;0;Сумка через плечо;;;;;;;;;;TB2026
;0;Клатчи;;;;;;;;;;TB2002
;0;Клатчи;;;;;;;;;;TB1997
;0;Клатчи;;;;;;;;;;TB1992
;0;Сумка;;;;;;;;;;TB1980
;0;Сумка;;;;;;;;;;TB1978
;0;Сумка;;;;;;;;;;TB1971
;0;Сумка;;;;;;;;;;TB1952
;0;Сумка;;;;;;;;;;TB1951
;0;Сумка;;;;;;;;;;TB1948
;0;Сумка;;;;;;;;;;TB1933
;0;Сумка;;;;;;;;;;TB1891
;0;Сумка;;;;;;;;;;TB1880
;0;Клатчи;;;;;;;;;;TB1874
;0;Клатчи;;;;;;;;;;TB1872
;0;Клатчи;;;;;;;;;;TB1870
;0;Сумка;;;;;;;;;;TB1859
;0;Сумка;;;;;;;;;;TB1854
;0;Сумка через плечо;;;;;;;;;;TB2424
;0;Сумка через плечо;;;;;;;;;;TB2421
;0;Сумка через плечо;;;;;;;;;;TB2413
;0;Сумка через плечо;;;;;;;;;;TB2430
;0;Сумка через плечо;;;;;;;;;;TB2432
;0;Сумка через плечо;;;;;;;;;;TB2425
;0;Сумка через плечо;;;;;;;;;;TB2426
;0;Сумка;;;;;;;;;;TB1822
;0;Сумка;;;;;;;;;;TB1819
;0;Сумка;;;;;;;;;;TB1818
;0;Клатчи;;;;;;;;;;TB1775
;0;Сумка через плечо;;;;;;;;;;TB1751
;0;Сумка;;;;;;;;;;TB1724
;0;Сумка;;;;;;;;;;TB1722
;0;Кошелек;;;;;;;;;;TB1532
;0;Клатчи;;;;;;;;;;TB1490
;0;Сумка;;;;;;;;;;TB1431
;0;Сумка через плечо;;;;;;;;;;TB1408
;0;Клатчи;;;;;;;;;;TB1399
;0;Клатчи;;;;;;;;;;TB1398
;0;Сумка;;;;;;;;;;TB1387
;0;Сумка;;;;;;;;;;TB1278
;0;Сумка через плечо;;;;;;;;;;TB1213
;0;Сумка;;;;;;;;;;TB1140
;0;Сумка;;;;;;;;;;TB1136
;0;Сумка;;;;;;;;;;TB1091
;0;Клатчи;;;;;;;;;;TB2443
;0;Сумка;;;;;;;;;;TB895
;0;Клатчи;;;;;;;;;;TB794
;0;Зонт-автомат;;;;;;;;;;GR01-00013274
;0;3842L FD кожа латте /бежевый/т.коричневый (сумка женская);;;;;;;;;;3842L
;0;КПБ П-6;;;;;;;;;;TTП-6 Евро
;0;Ключница;;;;;;;;;;GR01-00014756
;0;Обложка;;;;;;;;;;GR01-00014586
;0;Сумка на плечо;;;;;;;;;;GR01-00013855
;0;Платок;;;;;;;;;;GR01-00014952
;0;Сумка на руку;;;;;;;;;;GR01-00013344
;0;КПБ JC-19;;;;;;;;;;TTJC-19 Семейный
;0;Простынь на резинке бамбук (BP-01) молочный;;;;;;;;;;TTBP-01 200x220
;0;Простынь на резинке бамбук (BP-02) кремовый;;;;;;;;;;TTBP-02 200x220
;0;Простынь на резинке бамбук (BP-04) терракотовый;;;;;;;;;;TTBP-04 160x200
;0;Плед вязаный Квадрат (т. коричневый);;;;;;;;;;TTPled Kvadrat t.kor 150x200
;0;Плед вязаный Квадрат (хаки);;;;;;;;;;TTPled Kvadrat hakki 150x200
;0;Плед вязаный Коса (шоколад);;;;;;;;;;TTPled Koca shokolad 150x200
;0;КПБ A-88;;;;;;;;;;TTA-88 1.5 спальный
;0;КПБ A-75;;;;;;;;;;TTA-75 Семейный
;0;Плед INCALPACA (55% шерсть альпака, 45% шерсть мериноса) PP-54;;;;;;;;;;TTPP-54 150x200
;0;Плед INCALPACA (55% шерсть альпака, 45% шерсть мериноса) PP-54;;;;;;;;;;TTPP-54 170x210
;0;3949 FD орнамент синий  (сумка женская);;;;;;;;;;3949
;0;Сумка вечерняя, клатч;;;;;;;;;;GR01-00013599
;0;Сумка вечерняя, клатч;;;;;;;;;;GR01-00013620
;0;Сумка на руку;;;;;;;;;;GR01-00013350
;0;КПБ MO-26;;;;;;;;;;TTMO-26 Семейный
;0;Плед вязаный Елочка (лагуна);;;;;;;;;;TTPled Elochka laguna 150x200
;0;Плед вязаный Квадрат (т. коричневый);;;;;;;;;;TTPled Kvadrat t.kor 165x210
;0;Плед вязаный Квадрат (ежевика);;;;;;;;;;TTPled Kvadrat ezhevika 165x210
;0;Плед вязаный Квадрат (хаки);;;;;;;;;;TTPled Kvadrat hakki 165x210
;0;КПБ B-146;;;;;;;;;;TTB-146 Евро
;0;Сумка женская Arcadia 3811 cobra;;;;;;;;;;SSA3811 cobra
;0;Сумка женская Arcadia 4066 patent nero;;;;;;;;;;SSA4066 nero
;0;Сумка женская Arcadia 5610 cocco nero;;;;;;;;;;SSA5610
;0;Сумка женская Arcadia 7427 burlesque nero;;;;;;;;;;SSA7427
;0;Сумка женская Cromia 1400611 cuoio;;;;;;;;;;SSC1400611
;0;Сумка женская Cromia 1400881 marrone;;;;;;;;;;SSC1400881 marrone
;0;Сумка женская Cromia 1400908 testa moro;;;;;;;;;;SSC1400908 moro
;0;Сумка женская Di Gregorio 4088 enny pietro bianco;;;;;;;;;;SSD4088 bianco
;0;Сумка женская Gilda Tonelli 5205 st.magan nero;;;;;;;;;;SSGT5205 nero
;0;Сумка женская Gilda Tonelli 5205 st.magan tortora;;;;;;;;;;SSGT5205 tortora
;0;Сумка женская Gilda Tonelli 6068 vit. pad rombi;;;;;;;;;;SSGT6068
;0;Сумка женская Gilda Tonelli 6210 st.indonessia nero;;;;;;;;;;SSGT6210 nero
;0;Сумка женская Gilda Tonelli 6641 st. alligatore verde tm;;;;;;;;;;SSGT6641 verde
;0;Сумка женская Gilda Tonelli 7360 st. riga tm;;;;;;;;;;SSGT7360
;0;Сумка женская Gilda Tonelli 9146 old st. malind;;;;;;;;;;SSGT9146
;0;330002_GREEN Женский_кошелек_LEO_VENTONI;;;;;;;;;;LS7657
;0;КПБ B-137;;;;;;;;;;TTB-137 Евро
;0;Olden;;;;;;;;;;TTOlden Евро
;0;КПБ SDS-54;;;;;;;;;;TTSDS-54 Евро
;0;Простынь на резинке махровая (PM белая);;;;;;;;;;TTPM belaya 200x200
;0;Одеяло шелк VALTERY;;;;;;;;;;TTOdeyalo shelk Valtery 175x205
;0;КПБ MP-01;;;;;;;;;;TTMP-01 1.5 спальный
;0;КПБ MP-01;;;;;;;;;;TTMP-01 2 спальный
;0;КПБ MP-03;;;;;;;;;;TTMP-03 Евро
;0;КПБ MP-05;;;;;;;;;;TTMP-05 1.5 спальный
;0;КПБ MP-05;;;;;;;;;;TTMP-05 Евро
;0;КПБ MP-05;;;;;;;;;;TTMP-05 Семейный
;0;КПБ MP-07;;;;;;;;;;TTMP-07 Евро
;0;КПБ MP-07;;;;;;;;;;TTMP-07 Семейный
;0;КПБ MP-08;;;;;;;;;;TTMP-08 1.5 спальный
;0;КПБ MP-08;;;;;;;;;;TTMP-08 2 спальный
;0;КПБ MP-08;;;;;;;;;;TTMP-08 Евро
;0;Сумка женская Arcadia 6446 cocco marte verde;;;;;;;;;;SSA6446cmv
;0;Сумка женская Cromia 1401098 pesca;;;;;;;;;;SSC1401098p
;0;Сумка женская Di Gregorio 4310 cobra;;;;;;;;;;SSD4310c
;0;Сумка женская Di Gregorio 757 beige ara;;;;;;;;;;SSD757ba
;0;Сумка женская Gaude 5700 tombolo biruza;;;;;;;;;;SSG5700tb
;0;Сумка женская Gilda Tonelli 5180 st. india beige arancio;;;;;;;;;;SSGT5180siba
;0;Сумка женская Gilda Tonelli 5614 pad bianco;;;;;;;;;;SSGT5614pb
;0;Сумка женская Gilda Tonelli 6066 pad beige;;;;;;;;;;SSGT6066pb
;0;Сумка женская Gilda Tonelli 6222 st.piton;;;;;;;;;;SSGT6222sp
;0;КПБ A-163_1;;;;;;;;;;TTA-163_1 2 спальный
;0;КПБ A-96;;;;;;;;;;TTA-96 Семейный
;0;Tosca Rossi Сумка женская BB 66-6020 red;;;;;;;;;;SSBB 66-6020
;0;Tosoco Сумка женская A739-2326 black;;;;;;;;;;SSA739-2326
;0;Tosoco Сумка женская AFW 2048-22701 cocco black/brown;;;;;;;;;;SSAFW 2048-22701
;0;Tosoco Сумка женская B1786-172669 red;;;;;;;;;;SSB1786-172669
;0;Tosoco Сумка женская B23-2439 red;;;;;;;;;;SSB23-2439
;0;Tosoco Сумка женская B23-8003 red;;;;;;;;;;SSB23-8003
;0;Tosoco Сумка женская FF2005-4272 coffe;;;;;;;;;;SSFF 2005-4272
;0;Tosoco Сумка женская G72-28276 white;;;;;;;;;;SSG72-28276
;0;Tosoco Сумка женская H739-2327 beige;;;;;;;;;;SSH739-2327
;0;Tosoco Сумка женская P23-2442 brown;;;;;;;;;;SSP23-2442
;0;Tosoco Сумка женская P23-8003 brown;;;;;;;;;;SSP23-8003
;0;Tosoco Сумка женская P23-8312 brown;;;;;;;;;;SSP23-8312
;0;Tosoco Сумка женская R739-8133 grey;;;;;;;;;;SSR739-8133
;0;Tosoco Сумка женская А1786-4272 black;;;;;;;;;;SSА1786-4272
;0;Tosoco Сумка женская Н16-2465 beige;;;;;;;;;;SSН16-2465
;0;Tosoco Сумка женская Н23-8305 cream;;;;;;;;;;SSН23-8305
;0;Tosoco Сумка женская Н23-8312 cream;;;;;;;;;;SSН23-8312
;0;Tosoco Сумка женская Н72-28276 beige;;;;;;;;;;SSН72-28276
;0;Tosoco Сумка женская Н72-885 beige;;;;;;;;;;SSН72-885
;0;Tosoco Сумка женская Н74-572 cream;;;;;;;;;;SSН74-572
;0;Tosoco Сумка женская НHt2005-42125 cocco beige;;;;;;;;;;SSНHt2005-42125
;0;Tosoco Сумка женская НK22-2445 beige;;;;;;;;;;SSНK22-2445
;0;Tosoco Сумка женская НK22-2470 beige;;;;;;;;;;SSНK22-2470
;0;Tosoco Сумка женская НK22-8311 beige;;;;;;;;;;SSНK22-8311
;0;Tosoco Сумка женская НM3293-172738 beige;;;;;;;;;;SSНM3293-172738
;0;Tosoco Сумка женская НM3293-65069 beige;;;;;;;;;;SSНM3293-65069
;0;Tosoco Сумка женская НP76-32198 beige;;;;;;;;;;SSНP76-32198
;0;Покрывало PNJC-15;;;;;;;;;;TTPNJC-15 Евро (230х250) 2 наволочки (50х70)
;0;Покрывало PMP-02;;;;;;;;;;TTPMP-02 Евро (230х250) 2 наволочки (50х70)
;0;Fashion;;;;;;;;;;GR01-00009374
;0;Кошелёк;;;;;;;;;;GR01-00015304
;0;Кошелёк;;;;;;;;;;GR01-00015307
;0;Сумка через плечо;;;;;;;;;;TB2390
;0;Кошелек;;;;;;;;;;TB2279
;0;Сумка через плечо;;;;;;;;;;TB2450
;0;Сумка;;;;;;;;;;TB2276
;0;Сумка;;;;;;;;;;TB2275
;0;Клатчи;;;;;;;;;;TB2261
;0;Клатчи;;;;;;;;;;TB2260
;0;Сумка;;;;;;;;;;TB2410
;0;Сумка через плечо;;;;;;;;;;TB2446
;0;Сумка через плечо;;;;;;;;;;TB2448
;0;Сумка через плечо;;;;;;;;;;TB2455
;0;Сумка через плечо;;;;;;;;;;TB2456
;0;Сумка через плечо;;;;;;;;;;TB2461
;0;Сумка через плечо;;;;;;;;;;TB2462
;0;Сумка;;;;;;;;;;TB2475
;0;Кошелек;;;;;;;;;;TB2106
;0;Сумка;;;;;;;;;;TB2468
;0;Сумка;;;;;;;;;;TB2474
;0;Клатчи;;;;;;;;;;TB2444
;0;Кошелек;;;;;;;;;;TB2467
;0;Кошелек;;;;;;;;;;TB2457
;0;Кошелек;;;;;;;;;;TB2470
;0;Сумка через плечо;;;;;;;;;;TB2437
;0;Сумка через плечо;;;;;;;;;;TB2453
;0;Кошелек;;;;;;;;;;TB2466
;0;Кошелек;;;;;;;;;;TB2464
;0;Кошелек;;;;;;;;;;TB2465
;0;Сумка через плечо;;;;;;;;;;TB686
;0;КПБ SF-12;;;;;;;;;;TTSF-12 2 спальный
;0;КПБ SF-20;;;;;;;;;;TTSF-20 2 спальный
;0;Кошелёк;;;;;;;;;;GR01-00016251
;0;КПБ Бэль Бязь ГОСТ;;;;;;;;;;TTBelle Семейный
;0;КПБ Аврелия Бязь ГОСТ;;;;;;;;;;TTAurelian 2 спальный
;0;КПБ Восточные кружева Бязь ГОСТ;;;;;;;;;;TTLace 2 спальный
;0;Сумка через плечо;;;;;;;;;;TB2488
;0;Сумка;;;;;;;;;;TB2163
;0;Сумка;;;;;;;;;;TB2162
;0;Сумка;;;;;;;;;;TB2139
;0;Сумка через плечо;;;;;;;;;;TB2460
;0;Сумка через плечо;;;;;;;;;;TB2463
;0;Сумка;;;;;;;;;;TB1749
;0;Сумка;;;;;;;;;;TB1616
;0;КПБ CL-163;;;;;;;;;;TTCL-163 Семейный
;0;КПБ CL-163;;;;;;;;;;TTCL-163 Евро
;0;КПБ CL-174;;;;;;;;;;TTCL-174 Евро
;0;КПБ CL-178;;;;;;;;;;TTCL-178 2 спальный
;0;КПБ CL-159;;;;;;;;;;TTCL-159 Евро
;0;КПБ CL-159;;;;;;;;;;TTCL-159 Семейный
;0;Простынь на резинке джерси бирюзовая (В);;;;;;;;;;TTB 90x200
;0;КПБ Айсель Бязь ГОСТ;;;;;;;;;;TTAysel 2 спальный
;0;КПБ Триумф Бязь ГОСТ;;;;;;;;;;TTTriumph 2 спальный
;0;КПБ Триумф Бязь ГОСТ;;;;;;;;;;TTTriumph Евро
;0;КПБ Гортензия Бязь;;;;;;;;;;TTHydrangea Евро
;0;КПБ Пионы Бязь;;;;;;;;;;TTPeonies 2 спальный
;0;КПБ Романтика Парижа Бязь;;;;;;;;;;TTThe Romance Of Paris Семейный
;0;КПБ Луиза Бязь;;;;;;;;;;TTLouise Семейный
;0;КПБ Любовные письма Бязь;;;;;;;;;;TTLove letters 2 спальный
;0;КПБ Миндаль Бязь;;;;;;;;;;TTAlmonds 1.5 спальный
;0;КПБ Миндаль Бязь;;;;;;;;;;TTAlmonds Евро
;0;КПБ Березы Бязь;;;;;;;;;;TTBirch 2 спальный
;0;Покрывало PN 220-127;;;;;;;;;;TTPN 220-127 Евро (230х250) 2 наволочки (50х70)
;0;8016 Fiato  кожа черный  (сумка женская);;;;;;;;;;8016
;0;5234 Fiato  саффиано черный  (сумка женская);;;;;;;;;;5234
;0;5243 Fiato  кожа черный  (сумка женская);;;;;;;;;;5243
;0;8029 Fiato  кожа черный  (сумка женская);;;;;;;;;;8029
;0;8016 Fiato  кожа синий  (сумка женская);;;;;;;;;;8016-d117692
;0;5243 Fiato  кожа синий  (сумка женская);;;;;;;;;;5243-d117707
;0;5250 Fiato  кожа /замша черный (сумка женская);;;;;;;;;;5250-d117709
;0;5093 FD крокодил черный  (сумка женская);;;;;;;;;;5093
;0;3847 FD кожа /замша черный (сумка женская);;;;;;;;;;3847-d117803
;0;5202 FD макки /лак синий (сумка женская);;;;;;;;;;5202-d117817
;0;5203 FD макки /лак синий (сумка женская);;;;;;;;;;5203-d117818
;0;5214 FD кожа черный  (сумка женская);;;;;;;;;;5214-d117820
;0;п23457 FD алче т.коричневый  (косметичка);;;;;;;;;;п23457-d117866
;0;п23457 FD кожа черный  (косметичка);;;;;;;;;;п23457-d117875
;0;п23457 FD наплак таупе  (косметичка);;;;;;;;;;п23457-d117887
;0;5115 FD кожа /крокодил черный (сумка женская);;;;;;;;;;5115-d117892
;0;Визитница;;;;;;;;;;GR01-00014537
;0;Шейный платочек;;;;;;;;;;GR01-00012352
;0;Шейный платочек;;;;;;;;;;GR01-00012379
;0;Шарф;;;;;;;;;;GR01-00011351
;0;Шарф;;;;;;;;;;GR01-00011348
;0;Классика;;;;;;;;;;GR01-00015585
;0;1130 Fiato  кожа черный  (рюкзак женский);;;;;;;;;;1130
;0;1170 Fiato  кожа черный/питон  (сумка женская);;;;;;;;;;1170
;0;1171 Fiato  кожа вино/питон  (сумка женская);;;;;;;;;;1171-d119065
;0;Сумка на плечо;;;;;;;;;;GR01-00016995
;0;КПБ 220-120;;;;;;;;;;TT220-120 Евро
;0;КПБ 220-122;;;;;;;;;;TT220-122 Евро
;0;КПБ 220-129;;;;;;;;;;TT220-129 Евро
;0;КПБ С-175;;;;;;;;;;TTC-175 Семейный
;0;КПБ С-187;;;;;;;;;;TTC-187 Семейный
;0;КПБ С-188;;;;;;;;;;TTC-188 Семейный
;0;р2531/15 Mar питон савана черный  (ремень женский);;;;;;;;;;р2531/15
;0;КПБ MO-29;;;;;;;;;;TTMO-29 2 спальный
;0;КПБ 220-126;;;;;;;;;;TT220-126 Семейный
;0;КПБ CL-116;;;;;;;;;;TTCL-116 Семейный
;0;Сумка на плечо;;;;;;;;;;GR01-00016647
;0;КПБ SDS-54;;;;;;;;;;TTSDS-54 Семейный
;0;Кошелёк;;;;;;;;;;GR01-00016950
;0;Палантин;;;;;;;;;;GR01-00016152
;0;Палантин;;;;;;;;;;GR01-00016137
;0;Палантин;;;;;;;;;;GR01-00016132
;0;Платок;;;;;;;;;;GR01-00016076
;0;Платок;;;;;;;;;;GR01-00016075
;0;Палантин;;;;;;;;;;GR01-00015910
;0;Платок;;;;;;;;;;GR01-00016074
;0;Палантин;;;;;;;;;;GR01-00015930
;0;Платок;;;;;;;;;;GR01-00016225
;0;Шейный платочек;;;;;;;;;;GR01-00017064
;0;Палантин;;;;;;;;;;GR01-00016553
;0;Палантин;;;;;;;;;;GR01-00016083
;0;Палантин;;;;;;;;;;GR01-00017145
;0;Палантин;;;;;;;;;;GR01-00016082
;0;Шарф;;;;;;;;;;GR01-00015987
;0;Шарф;;;;;;;;;;GR01-00016510
;0;Палантин;;;;;;;;;;GR01-00016847
;0;Платок;;;;;;;;;;GR01-00016034
;0;Платок;;;;;;;;;;GR01-00016036
;0;Fashion;;;;;;;;;;GR01-00017024
;0;Fashion;;;;;;;;;;GR01-00017023
;0;Fashion;;;;;;;;;;GR01-00017025
;0;Длинные женские перчатки;;;;;;;;;;GR01-00015610
;0;Классика;;;;;;;;;;GR01-00017290
;0;КПБ SDS-49;;;;;;;;;;TTSDS-49 Семейный
;0;КПБ ТР-17;;;;;;;;;;TTTP-17 Евро
;0;КПБ ТР-18;;;;;;;;;;TTTP-18 Евро
;0;КПБ CL-184;;;;;;;;;;TTCL-184 2 спальный
;0;КПБ С-183;;;;;;;;;;TTC-183 Семейный
;0;КПБ С-184;;;;;;;;;;TTC-184 2 спальный
;0;КПБ Хлопок сатин с вышивкой ES-18;;;;;;;;;;TTES-18 Семейный
;0;КПБ CL-184;;;;;;;;;;TTCL-184 Семейный
;0;КПБ CL-186;;;;;;;;;;TTCL-186 Семейный
;0;Шарф;;;;;;;;;;GR01-00016023
;0;Шарф;;;;;;;;;;GR01-00016113
;0;Шарф;;;;;;;;;;GR01-00016114
;0;PMH-03 Простынь махровая;;;;;;;;;;TTPMH-03 140x190
;0;PMH-05 Простынь махровая;;;;;;;;;;TTPMH-05 140x190
;0;6130 Fiato  кожа /питон серый (сумка женская);;;;;;;;;;6130
;0;1640 Fiato  питон черный  (сумка женская);;;;;;;;;;1640-d122007
;0;2750 Fiato  кожа черный  (сумка женская);;;;;;;;;;2750
;0;2750 Fiato  кожа синий  (сумка женская);;;;;;;;;;2750-d122010
;0;Шейный платочек;;;;;;;;;;GR01-00017052
;0;Сумка на плечо;;;;;;;;;;GR01-00017005
;0;5376 Fiato  кожа /лак синий (сумка женская);;;;;;;;;;5376-d122343
;0;КПБ SF-12;;;;;;;;;;TTSF-12 Евро
;0;м13650 Fiato  олимпия черный  (портфель мужской);;;;;;;;;;м13650
;0;КПБ Ирис Бязь;;;;;;;;;;TTIris Семейный
;0;КПБ B-157;;;;;;;;;;TTB-157 Евро
;0;КПБ B-157;;;;;;;;;;TTB-157 Семейный
;0;Сумка;;;;;;;;;;TB2521
;0;Сумка;;;;;;;;;;TB2514
;0;Сумка;;;;;;;;;;TB2523
;0;Сумка через плечо;;;;;;;;;;TB2507
;0;Сумка через плечо;;;;;;;;;;TB2459
;0;Сумка;;;;;;;;;;TB2512
;0;Сумка;;;;;;;;;;TB2518
;0;Сумка;;;;;;;;;;TB2519
;0;Сумка;;;;;;;;;;TB2522
;0;Сумка через плечо;;;;;;;;;;TB2490
;0;Сумка через плечо;;;;;;;;;;TB2494
;0;Сумка;;;;;;;;;;TB2511
;0;Сумка через плечо;;;;;;;;;;TB2483
;0;Сумка через плечо;;;;;;;;;;TB2495
;0;Сумка;;;;;;;;;;TB2520
;0;Сумка через плечо;;;;;;;;;;TB2497
;0;Сумка;;;;;;;;;;TB2517
;0;Сумка через плечо;;;;;;;;;;TB2477
;0;Сумка;;;;;;;;;;TB943
;0;Сумка;;;;;;;;;;TB2305
;0;Сумка;;;;;;;;;;TB2383
;0;Шарф;;;;;;;;;;GR01-00010880
;0;КПБ С-189;;;;;;;;;;TTC-189 Семейный
;0;КПБ MO-30;;;;;;;;;;TTMO-30 2 спальный
;0;КПБ С-189;;;;;;;;;;TTC-189 Евро
;0;КПБ SDS-53-1;;;;;;;;;;TTSDS-53-1 Евро
;0;Сумка на плечо;;;;;;;;;;GR01-00017204
;0;КПБ Венеция Бязь;;;;;;;;;;TTVenecia Евро
;0;КПБ Круиз Бязь;;;;;;;;;;TTKruis Евро
;0;Простынь на резинке джерси оливковая (Е);;;;;;;;;;TTE 140x200
;0;Сумка на руку;;;;;;;;;;GR01-00017231
;0;КПБ LE-01;;;;;;;;;;TTLE-01 Семейный
;0;КПБ LE-12;;;;;;;;;;TTLE-12 Семейный
;0;КПБ MG-01;;;;;;;;;;TTMG-01 2 спальный
;0;КПБ MG-01;;;;;;;;;;TTMG-01 Евро
;0;КПБ MG-02;;;;;;;;;;TTMG-02 2 спальный
;0;КПБ MG-02;;;;;;;;;;TTMG-02 Евро
;0;КПБ MG-02;;;;;;;;;;TTMG-02 Семейный
;0;КПБ MG-03;;;;;;;;;;TTMG-03 2 спальный
;0;КПБ MG-03;;;;;;;;;;TTMG-03 Семейный
;0;КПБ MG-04;;;;;;;;;;TTMG-04 2 спальный
;0;КПБ MG-04;;;;;;;;;;TTMG-04 Евро
;0;КПБ MG-04;;;;;;;;;;TTMG-04 Семейный
;0;КПБ MG-05;;;;;;;;;;TTMG-05 Семейный
;0;Покрывало PNJC-23;;;;;;;;;;TTPNJC-23 Евро (230х250) 2 наволочки (50х70)
;0;2717_GREY_Рюкзак;;;;;;;;;;LS8474
;0;Сумка на руку;;;;;;;;;;GR01-00016452
;0;Кошелёк;;;;;;;;;;GR01-00016721
;0;3002_BLACK Женская сумка Vip_Collection;;;;;;;;;;LS8581
;0;Сумка на руку;;;;;;;;;;GR01-00016460
;0;Сумка на руку;;;;;;;;;;GR01-00016459
;0;Палантин;;;;;;;;;;GR00121735
;0;Сумка вечерняя, клатч;;;;;;;;;;GR01-00017224
;0;Сумка вечерняя, клатч;;;;;;;;;;GR01-00017219
;0;Палантин;;;;;;;;;;GR01-00017760
;0;Бижутерия для платков;;;;;;;;;;GR01-00017749
;0;Бижутерия для платков;;;;;;;;;;GR01-00017750
;0;Бижутерия для платков;;;;;;;;;;GR01-00017742
;0;КПБ SF-13;;;;;;;;;;TTSF-13 2 спальный
;0;Визитница;;;;;;;;;;GR01-00016942
;0;Обложка;;;;;;;;;;GR01-00017651
;0;Полотенце с печатью CRAFTKirmizi (красный);;;;;;;;;;TTCRAFT Kirmizi 85x150
;0;Платок;;;;;;;;;;GR01-00016476
;0;Платок;;;;;;;;;;GR01-00016469
;0;Платок;;;;;;;;;;GR01-00016478
;0;Платок;;;;;;;;;;GR01-00016477
;0;Платок;;;;;;;;;;GR01-00016475
;0;Часы;;;;;;;;;;GR01-00018701
;0;Простынь на резинке махровая (PM белая);;;;;;;;;;TTPM belaya 160x200
;0;КПБ ZJ-02;;;;;;;;;;TTZJ-02 Евро
;0;КПБ ZJ-02;;;;;;;;;;TTZJ-02 Семейный
;0;КПБ ZJ-04;;;;;;;;;;TTZJ-04 1.5 спальный
;0;КПБ ZJ-04;;;;;;;;;;TTZJ-04 Евро
;0;КПБ ZJ-05;;;;;;;;;;TTZJ-05 1.5 спальный
;0;КПБ ZJ-06;;;;;;;;;;TTZJ-06 1.5 спальный
;0;КПБ ZJ-06;;;;;;;;;;TTZJ-06 Евро
;0;Простынь на резинке махровая (PM молочная);;;;;;;;;;TTPM molochnaya 180x200
;0;Простынь на резинке джерси оливковая (Е);;;;;;;;;;TTE 180x200
;0;Шейный платочек;;;;;;;;;;GR01-00018614
;0;Шейный платочек;;;;;;;;;;GR01-00018607
;0;MABELLA White (белый) полотенце банное;;;;;;;;;;TTMABELLA White 70x130
;0;КПБ MG-05;;;;;;;;;;TTMG-05 1.5 спальный
;0;Халат SENSE G. Kuruzu (малиновый);;;;;;;;;;TTH-SENSE G.Kuruzu L-XL
;0;Халат SENSE Krem (кремовый);;;;;;;;;;TTH-SENSE Krem L-XL
;0;Сумка через плечо;;;;;;;;;;TB2561
;0;Сумка через плечо;;;;;;;;;;TB2563
;0;Рюкзаки;;;;;;;;;;TB2564
;0;Одеяло БАМБУК ЛЮКС;;;;;;;;;;TTOBLS 172x205
;0;Одеяло Верблюжья шерсть ЛЮКС;;;;;;;;;;TTOVSHKT 140x205
;0;MABELLA Yesil (салатовый) полотенце банное;;;;;;;;;;TTMABELLA Yesil 70x130
;0;Шейный платочек;;;;;;;;;;GR01-00018581
;0;Tosoco Сумка женская A1786-301250 black;;;;;;;;;;SSA1786-301250
;0;Шейный платочек;;;;;;;;;;GR01-00018241
;0;Шейный платочек;;;;;;;;;;GR01-00018593
;0;Одеяло Верблюжья шерсть ЛЮКС облегченное;;;;;;;;;;TTOVSHOT 140x205
;0;Сумка кросс-боди;;;;;;;;;;GR01-00018379
;0;Сумка кросс-боди;;;;;;;;;;GR01-00018881
;0;Сумка кросс-боди;;;;;;;;;;GR01-00018407
;0;2772a Nic калф белый /микс (сумка женская);;;;;;;;;;2772a
;0;КПБ DK-24 (комплект с бортиком);;;;;;;;;;TTDK-24-bort 147х112
;0;КПБ Летиция Бязь ГОСТ;;;;;;;;;;TTLeticiy Семейный
;0;КПБ Элвис Бязь ГОСТ;;;;;;;;;;TTAlvis 2 спальный
;0;Покрывало 220-120;;;;;;;;;;TTP220-120 Евро (230х250) 2 наволочки (50х70)
;0;Покрывало 220-122;;;;;;;;;;TTP220-122 Евро (230х250) 2 наволочки (50х70)
;0;Покрывало 220-123;;;;;;;;;;TTP220-123 Евро (230х250) 2 наволочки (50х70)
;0;Покрывало 220-126;;;;;;;;;;TTP220-126 Евро (230х250) 2 наволочки (50х70)
;0;Покрывало 220-129;;;;;;;;;;TTP220-129 Евро (230х250) 2 наволочки (50х70)
;0;Покрывало 220-130;;;;;;;;;;TTP220-130 Евро (230х250) 2 наволочки (50х70)
;0;КПБ Ажур Бязь ГОСТ;;;;;;;;;;TTAgyr 2 спальный
;0;Кошелёк;;;;;;;;;;GR01-00016725
;0;КПБ B-161;;;;;;;;;;TTB-161 2 спальный
;0;КПБ A-168;;;;;;;;;;TTA-168 1.5 спальный
;0;КПБ A-169;;;;;;;;;;TTA-169 Евро
;0;КПБ A-169;;;;;;;;;;TTA-169 Семейный
;0;3029 FD кожа синий  (сумка женская);;;;;;;;;;3029-d127207
;0;3026 FD кожа белый/синий /бежевый (сумка женская);;;;;;;;;;3026-d127227
;0;п5406 FD кожа бежевый  (косметичка);;;;;;;;;;п5406-d127305
;0;п5406 FD кожа белый  (косметичка);;;;;;;;;;п5406-d127306
;0;3022 FD кожа белый/птицы  (рюкзак женский);;;;;;;;;;3022-d127338
;0;3003 FD кожа гриджио/черный/питон  (сумка женская);;;;;;;;;;3003-d127348
;0;КПБ OD-39;;;;;;;;;;TTOD-39 2 спальный
;0;КПБ OD-40;;;;;;;;;;TTOD-40 2 спальный
;0;КПБ OD-40;;;;;;;;;;TTOD-40 Семейный
;0;КПБ OD-41;;;;;;;;;;TTOD-41 1.5 спальный
;0;КПБ OD-42;;;;;;;;;;TTOD-42 1.5 спальный
;0;КПБ OD-44;;;;;;;;;;TTOD-44 Семейный
;0;5251 Fiato  кожа бежевый  (сумка женская);;;;;;;;;;5251-d127469
;0;8108 Fiato  кожа черный  (рюкзак женский);;;;;;;;;;8108
;0;8031 Fiato  крокодил бежевый  (сумка женская);;;;;;;;;;8031-d127472
;0;5251 Fiato  кожа красный  (сумка женская);;;;;;;;;;5251-d127478
;0;5245 Fiato  кожа белый  (сумка женская);;;;;;;;;;5245-d127482
;0;6177 Fiato  кожа /крокодил изумруд (сумка женская);;;;;;;;;;6177
;0;Сумка на руку;;;;;;;;;;GR01-00018396
;0;Сумка кросс-боди;;;;;;;;;;GR01-00018404
;0;Сумка кросс-боди;;;;;;;;;;GR01-00018353
;0;Сумка кросс-боди;;;;;;;;;;GR01-00018354
;0;КПБ B-104;;;;;;;;;;TTB-104 Евро
;0;Кошелёк;;;;;;;;;;GR01-00019224
;0;Простынь на резинке махровая (PM молочная);;;;;;;;;;TTPM molochnaya 160x200
;0;Сумка кросс-боди;;;;;;;;;;GR01-00019544
;0;Сумка на руку;;;;;;;;;;GR01-00019543
;0;КПБ MP-10;;;;;;;;;;TTMP-10 Семейный
;0;КПБ MP-10;;;;;;;;;;TTMP-10 Евро
;0;КПБ MP-11;;;;;;;;;;TTMP-11 Евро
;0;КПБ MP-11;;;;;;;;;;TTMP-11 Семейный
;0;КПБ MP-15;;;;;;;;;;TTMP-15 1.5 спальный
;0;КПБ MP-15;;;;;;;;;;TTMP-15 2 спальный
;0;КПБ MP-18;;;;;;;;;;TTMP-18 Семейный
;0;КПБ MP-19;;;;;;;;;;TTMP-19 Евро
;0;КПБ MP-19;;;;;;;;;;TTMP-19 Семейный
;0;305 CS лорд черный  (сумка женская);;;;;;;;;;3001-d127880
;0;305 CS лорд таупе  (сумка женская);;;;;;;;;;3004-d127881
;0;35071_Рюкзак;;;;;;;;;;LS8994
;0;Одеяло ВАТНОЕ классическое;;;;;;;;;;TTOVKH 172x205
;0;п5406 FD кожа /крокодил черный (косметичка);;;;;;;;;;п5406-d127950
;0;Кошелёк;;;;;;;;;;GR01-00019395
;0;Обложка;;;;;;;;;;GR01-00019250
;0;Кошелёк;;;;;;;;;;GR01-00019235
;0;Кошелёк;;;;;;;;;;GR01-00019234
;0;Кошелёк;;;;;;;;;;GR01-00019242
;0;Кошелёк;;;;;;;;;;GR01-00019243
;0;Кошелёк;;;;;;;;;;GR01-00019271
;0;Кошелёк;;;;;;;;;;GR01-00019230
;0;Кошелёк;;;;;;;;;;GR01-00019269
;0;Кошелёк;;;;;;;;;;GR01-00019239
;0;Кошелёк;;;;;;;;;;GR01-00019231
;0;Кошелёк;;;;;;;;;;GR01-00019273
;0;Кошелёк;;;;;;;;;;GR01-00019290
;0;Кошелёк;;;;;;;;;;GR01-00019270
;0;Кошелёк;;;;;;;;;;GR01-00019288
;0;Кошелёк;;;;;;;;;;GR01-00019260
;0;Кошелёк;;;;;;;;;;GR01-00019233
;0;Кошелёк;;;;;;;;;;GR01-00019237
;0;Кошелёк;;;;;;;;;;GR01-00019229
;0;Обложка;;;;;;;;;;GR01-00019341
;0;п5406 FD кожа /лак крокодил синий (косметичка);;;;;;;;;;п5406-d128213
;0;п5406 FD кожа серый  (косметичка);;;;;;;;;;п5406-d128216
;0;п5406 FD кожа /фиори синий (косметичка);;;;;;;;;;п5406-d128218
;0;п5406 FD кожа /крокодил коричневый (косметичка);;;;;;;;;;п5406-d128220
;0;п5406 FD кожа /фиори белый (косметичка);;;;;;;;;;п5406-d128234
;0;п5406 FD кожа /струззо бежевый (косметичка);;;;;;;;;;п5406-d128238
;0;Сумка через плечо;;;;;;;;;;TB2559
;0;Сумка через плечо;;;;;;;;;;TB2560
;0;Сумка через плечо;;;;;;;;;;TB2569
;0;Сумка через плечо;;;;;;;;;;TB2571
;0;Сумка через плечо;;;;;;;;;;TB2577
;0;Сумка через плечо;;;;;;;;;;TB2592
;0;Рюкзаки;;;;;;;;;;TB2593
;0;Рюкзаки;;;;;;;;;;TB2595
;0;1059 DG саффиано панна /черный (сумка женская);;;;;;;;;;1059-d128299
;0;1057 DG саффиано панна /черный (сумка женская);;;;;;;;;;1057-d128302
;0;1060 DG ласа руга бежевый  (сумка женская);;;;;;;;;;1060
;0;1060 DG саффиано бирюза  (сумка женская);;;;;;;;;;1060-d128328
;0;Визитница;;;;;;;;;;GR01-00019407
;0;Кошелёк;;;;;;;;;;GR01-00019392
;0;Кошелёк;;;;;;;;;;GR01-00019366
;0;Кошелёк;;;;;;;;;;GR01-00019391
;0;Кошелёк;;;;;;;;;;GR01-00019337
;0;Кошелёк;;;;;;;;;;GR01-00019329
;0;R0235_S_15 Ремень_женский Vip Collection;;;;;;;;;;LS9174
;0;Зонт_женский_Fabretti L_16102_9;;;;;;;;;;LS9251
;0;3544 Mar пегасо крета /т.коричневый/ст.324 (сумка женская);;;;;;;;;;3544
;0;649 Cr опти серый  (сумка женская);;;;;;;;;;649
;0;255 CS дерби бирюза  (сумка женская);;;;;;;;;;255
;0;268 CS дерби черный  (сумка женская);;;;;;;;;;268-d128611
;0;6025(011) Rip тессото желтый  (сумка женская);;;;;;;;;;6025(011)
;0;6065(204)/6067 Rip кожа синий/тессото мульти (сумка женская);;;;;;;;;;6065(204)/6067
;0;173Х BR кожа синий /джинс (сумка женская);;;;;;;;;;173Х
;0;170Х BR кожа синий /джинс (сумка женская);;;;;;;;;;170Х-d128659
;0;КПБ D-51;;;;;;;;;;TTD-51 2 спальный
;0;КПБ B-104;;;;;;;;;;TTB-104 2 спальный
;0;Одеяло детское верблюжья шерсь ЛЮКС;;;;;;;;;;TTODVSH 110x140
;0;11B/13 TB стрит черный /белый/желтый (сумка женская);;;;;;;;;;11B/13
;0;13B TB эко кожа парротс черный /белый (сумка женская);;;;;;;;;;13B
;0;14B TB эко кожа парротс фуксия /белый (сумка женская);;;;;;;;;;14B-d128731
;0;356TB TB филинг черный  (сумка женская);;;;;;;;;;356TB
;0;12B TB стрит черный /белый/желтый (сумка женская);;;;;;;;;;12B
;0;13B TB эко кожа парротс фуксия /белый (сумка женская);;;;;;;;;;13B-d128746
;0;382B TB роза фрагола желтый  (сумка женская);;;;;;;;;;382B-d128750
;0;113B TB маис желтый /тессото (сумка женская);;;;;;;;;;113B
;0;111B TB маис белый /тессото (сумка женская);;;;;;;;;;111B-d128771
;0;6063(204)/6066 Rip кожа синий/тессото мульти (сумка женская);;;;;;;;;;6063(204)/6066
;0;649 Cr опти кончиглия  (сумка женская);;;;;;;;;;649-d128828
;0;14252AW2_018_018 Женская_сумка_Palio;;;;;;;;;;LS9348
;0;16320 PV канвас натуральный /черный (сумка женская);;;;;;;;;;16320
;0;Рюкзаки;;;;;;;;;;TB2579
;0;Сумка через плечо;;;;;;;;;;TB2581
;0;Сумка кросс-боди;;;;;;;;;;GR01-00017286
;0;R0277_15_S Ремень_женский Vip Collection;;;;;;;;;;LS9452
;0;TIFFANY Tiramisu (коричневый) Полотенце банное;;;;;;;;;;TTTIFFANY Tiramisu 90x150
;0;Покрывало PMO-33;;;;;;;;;;TTPMO-33 Евро (230х250) 2 наволочки (50х70)
;0;Покрывало PMP-07;;;;;;;;;;TTPMP-07 1,5 спальный (160x220)
;0;КПБ A-122;;;;;;;;;;TTA-122 1.5 спальный
;0;КПБ A-122;;;;;;;;;;TTA-122 2 спальный
;0;КПБ A-122;;;;;;;;;;TTA-122 Евро
;0;Покрывало PMP-18;;;;;;;;;;TTPMP-18 1,5 спальный (160x220)
;0;Покрывало PMP-19;;;;;;;;;;TTPMP-19 1,5 спальный (160x220)
;0;Покрывало PMP-19;;;;;;;;;;TTPMP-19 Евро (230х250) 2 наволочки (50х70)
;0;Покрывало PMP-15;;;;;;;;;;TTPMP-15 1,5 спальный (160x220)
;0;Простынь на резинке махровая (PM бежевая);;;;;;;;;;TTPM bezhevaya 160x200
;0;77771C_MARINE Дорожная_сумка_David_Jones;;;;;;;;;;LS9521
;0;77771C_VERT Дорожная_сумка_David_Jones;;;;;;;;;;LS9524
;0;Сумка через плечо;;;;;;;;;;TB2623
;0;Сумка через плечо;;;;;;;;;;TB2624
;0;Сумка через плечо;;;;;;;;;;TB2625
;0;Сумка через плечо;;;;;;;;;;TB2627
;0;Сумка через плечо;;;;;;;;;;TB2629
;0;Сумка;;;;;;;;;;TB2632
;0;Сумка через плечо;;;;;;;;;;TB2633
;0;Сумка через плечо;;;;;;;;;;TB2598
;0;Сумка через плечо;;;;;;;;;;TB2603
;0;Сумка через плечо;;;;;;;;;;TB2604
;0;Сумка через плечо;;;;;;;;;;TB2628
;0;Сумка через плечо;;;;;;;;;;TB2619
;0;Сумка через плечо;;;;;;;;;;TB2622
;0;Сумка через плечо;;;;;;;;;;TB2562
;0;Сумка через плечо;;;;;;;;;;TB2574
;0;Сумка через плечо;;;;;;;;;;TB2612
;0;Сумка через плечо;;;;;;;;;;TB2600
;0;Сумка через плечо;;;;;;;;;;TB2601
;0;Сумка через плечо;;;;;;;;;;TB2609
;0;Сумка через плечо;;;;;;;;;;TB2610
;0;Сумка через плечо;;;;;;;;;;TB2614
;0;Сумка через плечо;;;;;;;;;;TB2616
;0;Сумка через плечо;;;;;;;;;;TB2597
;0;WAVE Bej (бежевый) Коврик для ванной;;;;;;;;;;TTWAVE Bej 70x120
;0;3000_CM_BLACK Сумка_женская_David_Jones;;;;;;;;;;LS9550
;0;8140_CM_BLACK Сумка_женская_David_Jones;;;;;;;;;;LS9625
;0;R0318_40M Ремень мужской натуральная кожа VIP collection;;;;;;;;;;LS9688
;0;R0320_40M Ремень мужской натуральная кожа VIP collection;;;;;;;;;;LS9690
;0;R0322_30M Ремень мужской натуральная кожа VIP collection;;;;;;;;;;LS9692
;0;R0326_30M Ремень мужской натуральная кожа VIP collection;;;;;;;;;;LS9696
;0;3248_CM_BLACK Сумка_женская_David_Jones;;;;;;;;;;LS9703
;0;5207_5_BLACK Сумка_женская_David_Jones;;;;;;;;;;LS9713
;0;Ключница;;;;;;;;;;GR01-00021400
;0;Визитница;;;;;;;;;;GR01-00021413
;0;Кошелёк;;;;;;;;;;GR01-00021379
;0;Кошелёк;;;;;;;;;;GR01-00021375
;0;Кошелёк;;;;;;;;;;GR01-00021377
;0;Кошелёк;;;;;;;;;;GR01-00021372
;0;Кошелёк;;;;;;;;;;GR01-00021387
;0;Кошелёк;;;;;;;;;;GR01-00021425
;0;Длинные женские перчатки;;;;;;;;;;GR01-00020243
;0;14735_AW1_819_399 Женская_сумка_Palio;;;;;;;;;;LS9779
;0;Сумка через плечо;;;;;;;;;;TB2641
;0;Покрывало PMO-31;;;;;;;;;;TTPMO-31 1,5 спальный (160x220)
;0;3065 FD кожа черный /мульти (сумка женская);;;;;;;;;;3065
;0;8025 FD замша черный  (клатч женский);;;;;;;;;;8025-d130056
;0;3042 FD лак черный  (сумка женская);;;;;;;;;;3042
;0;Шарф;;;;;;;;;;GR01-00020970
;0;Шарф;;;;;;;;;;GR01-00020972
;0;Шарф;;;;;;;;;;GR01-00020973
;0;Шарф;;;;;;;;;;GR01-00020971
;0;Кошелёк;;;;;;;;;;GR01-00017582
;0;Сумка через плечо;;;;;;;;;;TB2391
;0;Сумка через плечо;;;;;;;;;;TB2566
;0;Сумка через плечо;;;;;;;;;;TB2578
;0;Сумка через плечо;;;;;;;;;;TB2643
;0;Клатчи;;;;;;;;;;TB2644
;0;Сумка через плечо;;;;;;;;;;TB2487
;0;Сумка через плечо;;;;;;;;;;TB2573
;0;Рюкзаки;;;;;;;;;;TB2647
;0;Сумка через плечо;;;;;;;;;;TB2648
;0;Сумка через плечо;;;;;;;;;;TB2649
;0;Fashion;;;;;;;;;;GR01-00017030
;0;Fashion;;;;;;;;;;GR01-00017029
;0;Сумка через плечо;;;;;;;;;;TB2652
;0;Сумка через плечо;;;;;;;;;;TB2653
;0;Сумка через плечо;;;;;;;;;;TB2663
;0;3240 Mar алче черный  (сумка женская);;;;;;;;;;3240
;0;3734 Mar крокодил Джане черный /ст.354 (сумка женская);;;;;;;;;;3734
;0;14463_A1_937 Женская_сумка_Palio;;;;;;;;;;LS9962
;0;14525_A1W1_018_018 Женская_сумка_Palio;;;;;;;;;;LS9978
;0;14659_A1_778 Женская_сумка_Palio;;;;;;;;;;LS10013
;0;5228_3_BLUE Сумка_рюкзак_David_Jones;;;;;;;;;;LS10069
;0;п5319 FD питон виола/кожа черный (косметичка);;;;;;;;;;п5319-d130503
;0;Шарф;;;;;;;;;;GR01-00020975
;0;Платок;;;;;;;;;;GR01-00020674
;0;Сумка вечерняя, клатч;;;;;;;;;;GR01-00020929
;0;Сумка кросс-боди;;;;;;;;;;GR01-00021214
;0;Сумка вечерняя, клатч;;;;;;;;;;GR01-00020921
;0;Платок;;;;;;;;;;GR01-00021180
;0;033 Cr питон абелия кэмел  (сумка женская);;;;;;;;;;33
;0;Сумка кросс-боди;;;;;;;;;;GR01-00020593
;0;0051 GT пад бордовый  (сумка женская);;;;;;;;;;51
;0;061 GT пад синий  (сумка женская);;;;;;;;;;61
;0;7499 GT лак черный  (сумка женская);;;;;;;;;;7499-d130961
;0;9328 GT энгланд черный  (рюкзак женский);;;;;;;;;;9328-d130963
;0;88886A_BORDEAUX Дорожная_сумка_David_Jones;;;;;;;;;;LS10113
;0;КПБ LS-04;;;;;;;;;;TTLS-04 Семейный
;0;КПБ LS-07;;;;;;;;;;TTLS-07 1.5 спальный
;0;КПБ LS-07;;;;;;;;;;TTLS-07 2 спальный
;0;КПБ LS-12;;;;;;;;;;TTLS-12 2 спальный
;0;Обложка;;;;;;;;;;GR01-00019710
;0;Кошелёк;;;;;;;;;;GR01-00019736
;0;Кошелёк;;;;;;;;;;GR01-00019730
;0;Кошелёк;;;;;;;;;;GR01-00019734
;0;Визитница;;;;;;;;;;GR01-00019675
;0;Кошелёк;;;;;;;;;;GR01-00019662
;0;Кошелёк;;;;;;;;;;GR01-00019671
;0;3003 FD кожа /лак/питон черный (сумка женская);;;;;;;;;;3003
;0;3053 FD кожа черный  (сумка женская);;;;;;;;;;3053-d131208
;0;Сумка на плечо;;;;;;;;;;GR01-00021239
;0;Сумка кросс-боди;;;;;;;;;;GR01-00021245
;0;307 CS лорд черный  (сумка женская);;;;;;;;;;307
;0;326 CS лак черный  (сумка женская);;;;;;;;;;326
;0;Классика;;;;;;;;;;GR01-00020237
;0;Сумка на руку;;;;;;;;;;GR01-00020584
;0;Сумка на руку;;;;;;;;;;GR01-00020591
;0;Палантин;;;;;;;;;;GR01-00021286
;0;5228_3_BLUE Сумка_рюкзак_David_Jones;;;;;;;;;;LS10219
;0;Шарфы для часов;;;;;;;;;;GR01-00021512
;0;Шарфы для часов;;;;;;;;;;GR01-00021513
;0;Шарфы для часов;;;;;;;;;;GR01-00021514
;0;5256_2_BLACK Сумка_женская_David_Jones;;;;;;;;;;LS10194
;0;5274_2_BLACK Сумка_женская_David_Jones;;;;;;;;;;LS10206
;0;Сумка через плечо;;;;;;;;;;TB2681
;0;Сумка через плечо;;;;;;;;;;TB2694
;0;Сумка через плечо;;;;;;;;;;TB2695
;0;Рюкзаки;;;;;;;;;;TB2696
;0;Клатчи;;;;;;;;;;TB2697
;0;Сумка через плечо;;;;;;;;;;TB2701
;0;Классика;;;;;;;;;;GR01-00020211
;0;КПБ MF-13;;;;;;;;;;TTMF-13 2 спальный
;0;3823 MO нубук сегно черный  (сумка женская);;;;;;;;;;3823-d131436
;0;4182 MO сегно коричневый /мульти (сумка женская);;;;;;;;;;4182
;0;3934 MO крокодил черный  (сумка женская);;;;;;;;;;3934
;0;4062 MO лак крокодил черный  (сумка женская);;;;;;;;;;4062
;0;4074 MO лак ромбо черный /мульти (сумка женская);;;;;;;;;;4074
;0;КПБ Юлианна Бязь;;;;;;;;;;TTUliannna Евро
;0;КПБ MO-32;;;;;;;;;;TTMO-32 Евро
;0;КПБ MO-33;;;;;;;;;;TTMO-33 Евро
;0;КПБ MO-34;;;;;;;;;;TTMO-34 Евро
;0;КПБ MO-35;;;;;;;;;;TTMO-35 Евро
;0;КПБ MO-37;;;;;;;;;;TTMO-37 Евро
;0;КПБ Крокусы Бязь;;;;;;;;;;TTKrokusy 2 спальный
;0;КПБ Крокусы Бязь;;;;;;;;;;TTKrokusy Евро
;0;КПБ Версаль голубой Бязь;;;;;;;;;;TTVersal 1.5 спальный
;0;КПБ Китайский бамбук Бязь;;;;;;;;;;TTBambu China 2 спальный
;0;КПБ Китайский бамбук Бязь;;;;;;;;;;TTBambu China Евро
;0;КПБ A-172_2;;;;;;;;;;TTA-172_2 Евро (200х220) 2 наволочки (70х70)
;0;КПБ OD-46;;;;;;;;;;TTOD-46 1.5 спальный
;0;КПБ OD-46;;;;;;;;;;TTOD-46 Семейный
;0;КПБ Каскад коричневый Бязь;;;;;;;;;;TTKaskad kor 2 спальный
;0;КПБ Каскад коричневый Бязь;;;;;;;;;;TTKaskad kor Евро
;0;КПБ Миледи Бязь;;;;;;;;;;TTMiledi 1.5 спальный
;0;КПБ Миледи Бязь;;;;;;;;;;TTMiledi 2 спальный
;0;КПБ Миледи Бязь;;;;;;;;;;TTMiledi Евро
;0;КПБ Рандеву Бязь;;;;;;;;;;TTRandevu 1.5 спальный
;0;КПБ Рандеву Бязь;;;;;;;;;;TTRandevu 2 спальный
;0;КПБ Рандеву Бязь;;;;;;;;;;TTRandevu Евро
;0;КПБ Реверанс Бязь;;;;;;;;;;TTReverans Евро
;0;КПБ Реверанс Бязь;;;;;;;;;;TTReverans 1.5 спальный
;0;КПБ Реверанс Бязь;;;;;;;;;;TTReverans 2 спальный
;0;КПБ Серебро Бязь;;;;;;;;;;TTSilver 2 спальный
;0;КПБ Бомбей Бязь;;;;;;;;;;TTBombei 1.5 спальный
;0;КПБ Бомбей Бязь;;;;;;;;;;TTBombei Семейный
;0;КПБ Денди Бязь;;;;;;;;;;TTDendi 1.5 спальный
;0;КПБ Каролина Бязь;;;;;;;;;;TTKarolina 2 спальный
;0;КПБ Каролина Бязь;;;;;;;;;;TTKarolina Евро
;0;КПБ Каролина Бязь;;;;;;;;;;TTKarolina Семейный
;0;КПБ С-194;;;;;;;;;;TTC-194 2 спальный
;0;КПБ С-218;;;;;;;;;;TTC-218 Евро
;0;КПБ С-218;;;;;;;;;;TTC-218 Семейный
;0;КПБ D-128-2;;;;;;;;;;TTD-128-2 2 спальный (180х215) 4 наволочки
;0;КПБ D-128-2;;;;;;;;;;TTD-128-2 Семейный (150х215- 2шт.) 4 наволочки
;0;Шарф_женский Vip_Collection SG20298;;;;;;;;;;LS10236
;0;Простынь сатин на резинке (PRC-R-21);;;;;;;;;;TTPRC-R-21 160x200
;0;3215_CM_BLACK_BLACK Сумка_женская_David_Jones;;;;;;;;;;LS10282
;0;3215_CM_BLUE_BLACK Сумка_женская_David_Jones;;;;;;;;;;LS10283
;0;3215_CM_CAMEL_D_BROWN Сумка_женская_David_Jones;;;;;;;;;;LS10284
;0;3215_CM_PURPLE_BLACK Сумка_женская_David_Jones;;;;;;;;;;LS10285
;0;5217_2_BLACK Сумка_женская_David_Jones;;;;;;;;;;LS10292
;0;5217_2_D_BLUE Сумка_женская_David_Jones;;;;;;;;;;LS10294
;0;5217_2_PLUM Сумка_женская_David_Jones;;;;;;;;;;LS10296
;0;5217_2_RED Сумка_женская_David_Jones;;;;;;;;;;LS10297
;0;5268_2_BLACK Сумка_женская_David_Jones;;;;;;;;;;LS10304
;0;Сумка через плечо;;;;;;;;;;TB2705
;0;Рюкзаки;;;;;;;;;;TB2706
;0;Сумка на плечо;;;;;;;;;;GR01-00018388
;0;767 DG крокодил сиокс синий  (сумка женская);;;;;;;;;;767
;0;Сумка на руку;;;;;;;;;;GR01-00018412
;0;Рюкзаки;;;;;;;;;;TB2707
;0;Кошелек;;;;;;;;;;TB2708
;0;Простынь сатин на резинке (PRC-R-22);;;;;;;;;;TTPRC-R-22 160x200
;0;Сумка через плечо;;;;;;;;;;TB2660
;0;Сумка через плечо;;;;;;;;;;TB2661
;0;Сумка через плечо;;;;;;;;;;TB2711
;0;Сумка через плечо;;;;;;;;;;TB2712
;0;КПБ SDS-53-1;;;;;;;;;;TTSDS-53-1 2 спальный
;0;КПБ RS-123;;;;;;;;;;TTRS-123 2 спальный (4 наволочки)
;0;Скатерть Классика (арт. 16195);;;;;;;;;;TT16195 148x200
;0;Сумка кросс-боди;;;;;;;;;;GR01-00021759
;0;Бижутерия для платков;;;;;;;;;;GR01-00020788
;0;п5319 FD рельеф черный  (косметичка);;;;;;;;;;п5319-d132113
;0;п5319 FD кожа коричневый /синий (косметичка);;;;;;;;;;п5319-d132126
;0;п5319 FD питон зеленый/кожа желтый (косметичка);;;;;;;;;;п5319-d132131
;0;п5319 FD лак крокодил виола/кожа синий (косметичка);;;;;;;;;;п5319-d132137
;0;Кошелёк;;;;;;;;;;GR01-00019681
;0;Кошелёк;;;;;;;;;;GR01-00019679
;0;Кошелёк;;;;;;;;;;GR01-00019678
;0;Кошелёк;;;;;;;;;;GR01-00019703
;0;Сумка на руку;;;;;;;;;;GR01-00021739
;0;14659_A1_399 Женская_сумка_Palio;;;;;;;;;;LS10371
;0;14738_A1W1_818_888 Женская_сумка_Palio;;;;;;;;;;LS10383
;0;14739_A1W1_018_018 Женская_сумка_Palio;;;;;;;;;;LS10384
;0;R885 PЖ 35 КОРИЧНЕВЫЙ Ремень_женский Vip Collection;;;;;;;;;;LS10445
;0;R911 PЖ 25 БЕЛЫЙ Ремень_женский Vip Collection;;;;;;;;;;LS10448
;0;R695 PМ 35 ЧЕРНЫЙ Ремень_мужской VIP Collection;;;;;;;;;;LS10467
;0;КПБ SF-06;;;;;;;;;;TTSF-06 2 спальный
;0;КПБ SF-09;;;;;;;;;;TTSF-09 Семейный
;0;КПБ SF-10;;;;;;;;;;TTSF-10 Семейный
;0;КПБ SF-13;;;;;;;;;;TTSF-13 Семейный
;0;КПБ SF-13;;;;;;;;;;TTSF-13 Евро
;0;КПБ SF-16;;;;;;;;;;TTSF-16 2 спальный
;0;КПБ SF-17;;;;;;;;;;TTSF-17 2 спальный
;0;КПБ SF-17;;;;;;;;;;TTSF-17 Евро
;0;КПБ SF-18;;;;;;;;;;TTSF-18 2 спальный
;0;КПБ SF-18;;;;;;;;;;TTSF-18 Евро
;0;КПБ SF-20;;;;;;;;;;TTSF-20 Семейный
;0;КПБ SF-22;;;;;;;;;;TTSF-22 Евро
